{"chair": [0.5488135039273248, 0.7151893663724195, 0.6027633760716439], "office chair": [0.5448831829968969, 0.4236547993389047, 0.6458941130666561], "stool": [0.4375872112626925, 0.8917730007820798, 0.9636627605010293], "table": [0.3834415188257777, 0.7917250380826646, 0.5288949197529045], "desk": [0.5680445610939323, 0.925596638292661, 0.07103605819788694], "tv": [0.08712929970154071, 0.02021839744032572, 0.832619845547938], "monitor": [0.7781567509498505, 0.8700121482468192, 0.978618342232764], "computer tower": [0.7991585642167236, 0.46147936225293185, 0.7805291762864555], "keyboard": [0.11827442586893322, 0.6399210213275238, 0.1433532874090464], "mouse": [0.9446689170495839, 0.5218483217500717, 0.4146619399905236], "laptop": [0.26455561210462697, 0.7742336894342167, 0.45615033221654855], "printer": [0.5684339488686485, 0.018789800436355142, 0.6176354970758771], "potted plant": [0.6120957227224214, 0.6169339968747569, 0.9437480785146242], "plant": [0.6818202991034834, 0.359507900573786, 0.43703195379934145], "flower": [0.6976311959272649, 0.06022547162926983, 0.6667667154456677], "basket": [0.6706378696181594, 0.2103825610738409, 0.1289262976548533], "clothes": [0.31542835092418386, 0.3637107709426226, 0.5701967704178796], "bag": [0.43860151346232035, 0.9883738380592262, 0.10204481074802807], "backpack": [0.2088767560948347, 0.16130951788499626, 0.6531083254653984], "umbrella": [0.2532916025397821, 0.4663107728563063, 0.24442559200160274], "cabinet": [0.15896958364551972, 0.11037514116430513, 0.6563295894652734], "file cabinet": [0.1381829513486138, 0.1965823616800535, 0.3687251706609641], "shelf": [0.8209932298479351, 0.09710127579306127, 0.8379449074988039], "mini fridge": [0.09609840789396307, 0.9764594650133958, 0.4686512016477016], "box": [0.9767610881903371, 0.604845519745046, 0.7392635793983017], "storage bin": [0.039187792254320675, 0.2828069625764096, 0.1201965612131689], "book": [0.29614019752214493, 0.11872771895424405, 0.317983179393976], "remote control": [0.41426299451466997, 0.06414749634878436, 0.6924721193700198], "cup": [0.5666014542065752, 0.2653894909394454, 0.5232480534666997], "bottle": [0.09394051075844168, 0.5759464955561793, 0.9292961975762141], "water bottle": [0.31856895245132366, 0.6674103799636817, 0.13179786240439217], "case of water bottles": [0.7163272041185655, 0.2894060929472011, 0.18319136200711683], "pen": [0.5865129348100832, 0.020107546187493552, 0.8289400292173631], "power strip": [0.004695476192547066, 0.6778165367962301, 0.27000797319216485], "power outlet": [0.7351940221225949, 0.9621885451174382, 0.24875314351995803], "trash can": [0.5761573344178369, 0.592041931271839, 0.5722519057908734], "tissue pack": [0.2230816326406183, 0.952749011516985, 0.44712537861762736], "snack": [0.8464086724711278, 0.6994792753175043, 0.29743695085513366], "cart": [0.8137978197024772, 0.39650574084698464, 0.8811031971111616], "door": [0.5812728726358587, 0.8817353618548528, 0.6925315900777659], "paper": [0.7252542798196405, 0.5013243819267023, 0.9560836347232239], "curtain": [0.6439901992296374, 0.4238550485581797, 0.6063932141279244], "lamp": [0.019193198309333526, 0.30157481667454933, 0.660173537492685], "clock": [0.29007760721044407, 0.6180154289988415, 0.42876870094576613], "picture": [0.13547406422245023, 0.29828232595603077, 0.5699649107012649], "whiteboard": [0.5908727612481732, 0.5743252488495788, 0.6532008198571336], "luggage": [0.6521032700016889, 0.43141843543397396, 0.896546595851063], "mat": [0.36756187004789653, 0.4358649252656268, 0.8919233550156721], "couch": [0.8061939890460857, 0.7038885835403663, 0.10022688731230112], "fan": [0.9194826137446735, 0.7142412995491114, 0.9988470065678665]}